{
    "EMERG": [
        [
            0.05143721633888049,
            0.0,
            0.024962178517397883,
            0.08623298033282904,
            0.1951588502269289,
            0.0,
            0.1649016641452345,
            0.0,
            0.17397881996974282,
            0.0037821482602118004,
            0.0,
            0.0,
            0.1649016641452345,
            0.0,
            0.0007564296520423601,
            0.0,
            0.006051437216338881,
            0.0,
            0.0007564296520423601,
            0.0,
            0.0,
            0.0,
            0.0,
            0.0,
            0.12329803328290469,
            0.0,
            0.0,
            0.0,
            0.0,
            0.0,
            0.0,
            0.0,
            0.0,
            0.0,
            0.0,
            0.0,
            0.0,
            0.0,
            0.0,
            0.0,
            0.0,
            0.0,
            0.0,
            0.0,
            0.0,
            0.0,
            0.0,
            0.0037821482602118004
        ],
        [
            0,
            1,
            2,
            3,
            4,
            5,
            6,
            7,
            8,
            9,
            10,
            11,
            12,
            13,
            14,
            15,
            16,
            17,
            18,
            19,
            20,
            21,
            22,
            23,
            24,
            25,
            26,
            27,
            28,
            29,
            30,
            31,
            32,
            33,
            34,
            35,
            36,
            37,
            38,
            39,
            40,
            41,
            42,
            43,
            44,
            45,
            46,
            47,
            48
        ]
    ],
    "ELECT": [
        [
            0.0,
            0.0,
            0.002333722287047841,
            0.004667444574095682,
            0.10385064177362893,
            0.0011668611435239206,
            0.13768961493582263,
            0.0,
            0.18319719953325556,
            0.023337222870478413,
            0.005834305717619603,
            0.0,
            0.22637106184364061,
            0.0,
            0.015169194865810968,
            0.0011668611435239206,
            0.024504084014002333,
            0.0,
            0.022170361726954493,
            0.0,
            0.0,
            0.0,
            0.0,
            0.0,
            0.16802800466744458,
            0.0,
            0.0,
            0.0,
            0.0,
            0.0,
            0.0,
            0.0,
            0.002333722287047841,
            0.0,
            0.0,
            0.0,
            0.011668611435239206,
            0.0,
            0.0,
            0.0,
            0.004667444574095682,
            0.0,
            0.0011668611435239206,
            0.0,
            0.0,
            0.0,
            0.0,
            0.0,
            0.025670945157526253,
            0.0,
            0.0,
            0.0,
            0.0,
            0.0,
            0.0011668611435239206,
            0.0,
            0.0,
            0.0,
            0.0,
            0.0,
            0.003500583430571762,
            0.0,
            0.0,
            0.0,
            0.0,
            0.0,
            0.0,
            0.0,
            0.0,
            0.0,
            0.0,
            0.0,
            0.01750291715285881,
            0.0,
            0.0,
            0.0,
            0.0,
            0.0,
            0.0,
            0.0,
            0.0,
            0.0,
            0.0,
            0.0,
            0.0011668611435239206,
            0.0,
            0.0,
            0.0,
            0.0,
            0.0,
            0.0,
            0.0,
            0.0,
            0.0,
            0.0,
            0.0,
            0.003500583430571762,
            0.0,
            0.0,
            0.0,
            0.0,
            0.0,
            0.0,
            0.0,
            0.0,
            0.0,
            0.0,
            0.0,
            0.0011668611435239206,
            0.0,
            0.0,
            0.0,
            0.0,
            0.0,
            0.0,
            0.0,
            0.0,
            0.0,
            0.0,
            0.0,
            0.005834305717619603,
            0.0,
            0.0,
            0.0,
            0.0,
            0.0,
            0.0,
            0.0,
            0.0,
            0.0,
            0.0,
            0.0,
            0.0,
            0.0,
            0.0,
            0.0,
            0.0,
            0.0,
            0.0,
            0.0,
            0.0,
            0.0,
            0.0,
            0.0011668611435239206
        ],
        [
            0,
            1,
            2,
            3,
            4,
            5,
            6,
            7,
            8,
            9,
            10,
            11,
            12,
            13,
            14,
            15,
            16,
            17,
            18,
            19,
            20,
            21,
            22,
            23,
            24,
            25,
            26,
            27,
            28,
            29,
            30,
            31,
            32,
            33,
            34,
            35,
            36,
            37,
            38,
            39,
            40,
            41,
            42,
            43,
            44,
            45,
            46,
            47,
            48,
            49,
            50,
            51,
            52,
            53,
            54,
            55,
            56,
            57,
            58,
            59,
            60,
            61,
            62,
            63,
            64,
            65,
            66,
            67,
            68,
            69,
            70,
            71,
            72,
            73,
            74,
            75,
            76,
            77,
            78,
            79,
            80,
            81,
            82,
            83,
            84,
            85,
            86,
            87,
            88,
            89,
            90,
            91,
            92,
            93,
            94,
            95,
            96,
            97,
            98,
            99,
            100,
            101,
            102,
            103,
            104,
            105,
            106,
            107,
            108,
            109,
            110,
            111,
            112,
            113,
            114,
            115,
            116,
            117,
            118,
            119,
            120,
            121,
            122,
            123,
            124,
            125,
            126,
            127,
            128,
            129,
            130,
            131,
            132,
            133,
            134,
            135,
            136,
            137,
            138,
            139,
            140,
            141,
            142,
            143,
            144
        ]
    ],