{
    "DCASE": [
        [
            0.04043188605559384,
            1.0953365495060876,
            0.6579370549046635,
            0.06616126809097174,
            1.2276590856880312,
            0.35286009648518263,
            0.7498277050310131,
            0.018378130025269928,
            0.014702504020215942,
            0.8270158511371468,
            0.007351252010107971,
            0.011026878015161957,
            0.14702504020215942,
            0.0036756260050539854,
            0.08453939811624167,
            0.0,
            0.014702504020215942,
            0.0036756260050539854,
            0.0,
            0.011026878015161957
        ],
        [
            0.25,
            0.4375,
            0.625,
            0.8125,
            1.0,
            1.1875,
            1.375,
            1.5625,
            1.75,
            1.9375,
            2.125,
            2.3125,
            2.5,
            2.6875,
            2.875,
            3.0625,
            3.25,
            3.4375,
            3.625,
            3.8125,
            4.0
        ]
    ],
    "ELECT": [
        [
            0.036997509782995375,
            0.042689434364994665,
            0.1223763785129847,
            0.0,
            1.7303450729277836,
            0.13660618996798293,
            0.35005336179295626,
            0.014229811454998222,
            0.011383849163998577,
            0.1992173603699751,
            0.0,
            0.0,
            0.0,
            0.0,
            0.014229811454998222,
            0.0,
            0.002845962290999644,
            0.0,
            0.0,
            0.005691924581999288
        ],
        [
            0.5,
            0.875,
            1.25,
            1.625,
            2.0,
            2.375,
            2.75,
            3.125,
            3.5,
            3.875,
            4.25,
            4.625,
            5.0,
            5.375,
            5.75,
            6.125,
            6.5,
            6.875,
            7.25,
            7.625,
            8.0
        ]
    ],
    "EMERG": [
        [
            0.01488612117302635,
            0.13298268247903539,
            0.7194958566962737,
            0.02381779387684215,
            0.716518632461668,
            0.9755371408723278,
            0.008931672703815808,
            0.04565077159728079,
            0.16077010866868452,
            0.017863345407631615,
            0.002977224234605273,
            0.033741874658859757,
            0.0,
            0.0,
            0.0009924080782017551,
            0.0,
            0.0,
            0.0009924080782017551,
            0.0,
            0.0019848161564035103
        ],
        [
            0.0,
            0.35,
            0.7,
            1.0499999999999998,
            1.4,
            1.75,
            2.0999999999999996,
            2.4499999999999997,
            2.8,
            3.15,
            3.5,
            3.8499999999999996,
            4.199999999999999,
            4.55,
            4.8999999999999995,
            5.25,
            5.6,
            5.949999999999999,
            6.3,
            6.6499999999999995,
            7.0
        ]
    ]
}