patient_type,hours_total
Daycase,71.08333333333333
Elective,84.83333333333333
Emergency,157.66666666666666
